resightID,animalID,season,date,area,regionID,markobs,markobspos,markadded,markaddedpos,obssex,obsage,pctmolt,comment,markcomment,dead,observer,entrydate,entry,estimated,shark,unsure ,cookiecutter
734,11809,2004,1/31/04,TSC,2,,,,,,,,with 5d old pup; L hind flipper badly injured (shark?),NA,1,"P. Morris, R. Condit",1/31/04,"P. Morris, R. Condit",0,Comment Includes 'Shark',1,0
22177,14243,2006,5/9/05,BMNN,2,,,,,F,ad,100,Large healed scar from shark bite on right lower flank,NA,1,S. Simmons,5/19/05,S. Simmons,0,Comment Includes 'Shark',0,0
22550,4357,1988,1/15/88,17,4,,,,,,,,fresh shark bites on right side,NA,1,Clinton,10/15/05,R. Condit,0,Comment Includes 'Shark',0,0
22903,4357,1988,1/14/88,17,4,NA,NA,NA,NA,NA,NA,NA,fresh shark bites; also cuts in mouth,NA,0,Clinton,10/30/05,R. Condit,0,Comment Includes 'Shark',0,0
29999,14432,2002,2/4/02,BBN,2,,,,,F,ad,,fresh shark bite- one 2 inch deep tooth hole,NA,0,,2/14/06,R. Condit,0,Comment Includes 'Shark',0,0
62647,4716,1982,3/2/82,unknown,18,NA,NA,NA,NA,NA,NA,NA,shark attack,NA,0,unknown,11/10/06,R. Condit,0,Comment Includes 'Shark',0,0
67757,4116,1977,2/24/77,8B,4,NA,NA,NA,NA,M,SA2,NA,severe shark bite to front foreflip,NA,0,MLR,NA,NA,0,Comment Includes 'Shark',0,0
68429,4716,1979,1/24/79,BM,2,NA,NA,NA,NA,M,SA1-2,NA,shark attack - dead 1982-03-02,NA,1,unknown,2/27/06,NA,0,Comment Includes 'Shark',0,0
73280,8799,1986,2/20/86,1,4,NA,NA,NA,NA,M,SA2,NA,shark scar over right pectoral flipper,NA,0,WC,NA,NA,0,Comment Includes 'Shark',0,0
74320,9566,1986,3/14/86,BMN,2,NA,NA,NA,NA,M,ad,NA,"bad shark wound  Dec. 27 1985, left flank, many pictures taken",NA,0,CD,NA,NA,0,Comment Includes 'Shark',0,0
74391,9615,1986,4/24/86,MBB,2,NA,NA,NA,NA,F,W,NA,"Brd. Dur.-3,3,3, med, Apr.'03 - has lost RRFlipper (to shark?), stump is healed over, but she's very skinny and not molted.",NA,0,PM,NA,NA,0,Comment Includes 'Shark',1,0
74627,9807,1990,3/3/90,17,4,NA,NA,NA,NA,F,W,NA,Dec '02- Quite a few cookie cutter shark wounds.,NA,0,MS,NA,NA,0,Comment Includes 'Shark',0,1
76207,10953,1989,2/13/89,BBN,2,NA,NA,NA,NA,F,W,NA,"Homing Study Fall '90, returned, 5 cookie cutter shark bites.",NA,0,MK,NA,NA,0,Comment Includes 'Shark',0,1
77142,11603,1991,11/27/90,BBN,2,NA,NA,NA,NA,F,Y,NA,"Translocation F '90, 2 cookie cutter shark bites, no instrument,  returned.",NA,0,,NA,NA,0,Comment Includes 'Shark',0,1
80127,14243,1995,2/27/95,AP,2,NA,NA,NA,NA,F,W,NA,May '02 - Lg. shark scar behind RFF,NA,0,KM,NA,NA,0,Comment Includes 'Shark',0,0
96112,15685,2007,2/21/07,TSD,2,O564,R,NA,NA,F,Ad,NA,"SAT Patches, shark bite scar",NA,0,N. M. Teutschel,2/22/07,N. M. Teutschel,0,Comment Includes 'Shark',0,0
179968,1784,2010,1/11/10,APG,2,NA,NA,2824,L low,F,Ad,NA,Preg. Many cookie cutter shark scars on belly.,NA,0,P. Morris,1/12/10,P. Morris,0,Comment Includes 'Shark',0,1
182823,10317,1989,1/11/89,WLNTCRK,17,NA,NA,NA,NA,,,NA,seen shark bitten at walnut creek,NA,0,NA,2/7/10,R. Condit,0,Comment Includes 'Shark',0,0
196015,37029,2010,5/8/10,BBN,2,NA,NA,NA,NA,F,Ad,0,"looked older than the X225 in db, tag was sandy and other 2 tags were worn, only got a quick read, has cookie cutter shark bite scars",NA,0,C. Goetsch,5/11/10,C. Goetsch,0,Comment Includes 'Shark',0,1
196378,17210,2011,5/22/10,AP,2,NA,NA,NA,NA,F,ad,100,shark bite on Lsh,NA,0,C. Goetsch,5/22/10,C. Goetsch,0,Comment Includes 'Shark',0,0
196707,9615,2003,2003-04-00,ANML,1,NA,NA,NA,NA,F,ad,NA,"has lost RRFlipper (to shark?), stump is healed over, but she's very skinny and not molted",NA,0,P. Morris,10/17/10,R. Condit,0,Comment Includes 'Shark',1,0
197606,17692,2011,12/28/10,npg2b,3,gt755,l,NA,NA,NA,NA,NA,"significant shark bite to rear left flipper, first seen with fresh bite on the 12/17, photos taken",NA,0,C. Reichmuth,12/28/10,C. Reichmuth,0,Comment Includes 'Shark',0,0
198526,17692,2011,1/12/11,NPG3,3,T755,"L,R",NA,NA,F,Ad,NA,shark bite,NA,0,C. Reichmuth,1/13/11,M. McCormley,0,Comment Includes 'Shark',0,0
201150,17692,2011,1/14/11,NPG4,3,T755,L,NA,NA,F,Ad,NA,shark bite girl,NA,0,C. Reichmuth,2/2/11,M. McCormley,0,Comment Includes 'Shark',0,0
203043,33680,2011,2/20/11,BBNS,2,X567,L,NA,NA,M,Ad,NA,Left side of chest shield has been peeled off by a shark bite and is hanging - a fairly new wound - within a week.,NA,0,P. Morris,2/24/11,P. Morris,0,Comment Includes 'Shark',0,0
203380,33680,2011,2/26/11,MBB,2,X567,L,NA,NA,M,Ad,NA,R side of shield badly shark bitten,NA,0,P. Morris,2/27/11,P. Morris,0,Comment Includes 'Shark',0,0
208646,9176,1990,2/15/90,MBB/BBN,2,NA,NA,NA,NA,,,NA,"new shark bite, not pregnant, 02/32/90; injured; 2 tags seen",NA,0,sg,11/7/03,KV,0,Comment Includes 'Shark',0,0
214305,35376,1988,5/6/88,MBB/BBN,2,NA,NA,NA,NA,,,1,"SA1 male, L rear flipper 1/2 missing, swollen, scar above ankle-probably shark bite",NA,0,kretzmann,3/2/04,AF,0,Comment Includes 'Shark',1,0
217144,10297,1988,12/20/87,AP,2,NA,NA,NA,NA,,,NA,cookie-cutter shark (L); sick; 0 tags seen,NA,0,"cd, gleason",1/7/04,KV,0,Comment Includes 'Shark',0,1
219026,7054,1988,5/9/88,SB,2,NA,NA,NA,NA,,,0,shark scars on chest and (L) ft. flip.; injured; 1 tags seen,NA,0,pm,2/5/04,KV,0,Comment Includes 'Shark',0,0
226627,20352,2012,1/15/12,BBN,2,YX232,R,NA,NA,F,ad,NA,Huge shark bite wounds several inches deep on back R near tail,NA,0,S. Peterson,1/15/12,S. Peterson,0,Comment Includes 'Shark',0,0
226671,20352,2012,1/14/12,BBN,2,YX2__,R,NA,NA,F,Ad,NA,"huge shark bite on right, gash several inches deep",NA,0,C. Goetsch,1/16/12,C. Goetsch,0,Comment Includes 'Shark',0,0
226791,20352,2012,1/16/12,BBN,2,X232,R,NA,NA,F,ad,NA,shark bite,NA,0,M. Fowler,1/16/12,E. Pickett,0,Comment Includes 'Shark',0,0
226800,20914,2012,1/15/12,NP,3,44,L,NA,NA,F,ad,NA,shark bite on L side face,NA,0,M. Tift,1/17/12,E. Pickett,0,Comment Includes 'Shark',0,0
227155,20352,2012,1/19/12,BBN,2,"X212,X232","R,R",NA,NA,F,ad,NA,bad shark wound around rump; photographed,not legible; lower mark a bit clearer,0,"R. Condit, C. Campagna",1/19/12,R. Condit,0,Comment Includes 'Shark',0,0
227233,20914,2012,1/20/12,NP1,3,44,L,U444,R,F,ad,NA,shark bite R mouth,"R side mark probably won't come out, dye too runny",0,E. Pickett,1/20/12,E. Pickett,0,Comment Includes 'Shark',0,0
227522,20352,2012,1/22/12,BBN,2,YX232,R,NA,NA,F,ad,NA,shark bite,NA,0,M. Peterson,1/24/12,E. Pickett,0,Comment Includes 'Shark',0,0
227581,20352,2012,1/23/12,BBN,2,YX232,NA,NA,NA,F,ad,NA,shark bite,NA,0,M. Fowler,1/24/12,E. Pickett,0,Comment Includes 'Shark',0,0
230363,40529,2012,2/20/12,BBN,2,NA,NA,G5,L,NA,P,NA,with female with large shark scar on left side,NA,0,P. Morris,2/22/12,P. Morris,0,Comment Includes 'Shark',0,0
229637,20352,2012,2/11/12,BBN,2,YX232,R,NA,NA,F,ad,NA,shark scar,NA,0,R. Condit,2/11/12,R. Condit,0,Comment Includes 'Shark',0,0
229010,20352,2012,2/5/12,BBN,2,YX232,NA,NA,NA,F,ad,NA,shark wound,NA,0,R. Condit,2/5/12,R. Condit,0,Comment Includes 'Shark',0,0
228675,20352,2012,2/1/12,BBN,2,YX__,R,NA,NA,F,ad,NA,shark bite,NA,0,C. Goetsch,2/2/12,E. Pickett,0,Comment Includes 'Shark',0,0
234533,15793,2013,5/22/12,MBB,2,NA,NA,NA,NA,F,ad,100,shark bite scar on middle of the back,NA,0,S. Peterson,5/22/12,S. Peterson,0,Comment Includes 'Shark',0,0
237498,10127,1993,4/20/93,TS,2,NA,NA,NA,NA,F,Y,0,Awful skin - seems to have barely escaped a shark. Very small.,NA,0,P. Morris,1/1/13,X. Rojas-Rocha,0,Comment Includes 'Shark',0,0
239293,20924,2013,1/18/13,NP,3,NA,NA,NA,NA,F,Ad,NA,"Not sure that this is the correct female but it fits pretty well.  This female has a few cooie cutter shark scars on her mid right side , one deep, others shallow",NA,0,P. Morris,1/20/13,P. Morris,0,Comment Includes 'Shark',0,1
239453,20924,2013,1/21/13,NP,3,NA,NA,NA,NA,F,Ad,NA,"cookie cutter shark scars right side, one deep, others shallow",NA,0,P. Morris,1/22/13,P. Morris,0,Comment Includes 'Shark',,
240595,3201,2013,1/30/13,Pt. Reyes,12,NA,NA,NA,NA,F,ad,NA,Seen at Point Reyes. Had very large shark bite on her. Pictures sent to Sarah Peterson from Sarah Codde.,NA,0,other,1/31/13,S. Peterson,0,Comment Includes 'Shark',,
241924,42150,2013,2/6/13,BMS,2,NA,NA,NA,NA,F,Ad,NA,light cookie cutter shark scar just above right ankle,NA,0,P. Morris,2/7/13,P. Morris,0,Comment Includes 'Shark',,
242324,1784,2013,2/7/13,NPB2-3,3,94,L,NA,NA,F,Ad,NA,lots of cookie cutter shark scars,NA,0,P. Morris,2/9/13,P. Morris,0,Comment Includes 'Shark',,
249455,38342,2014,10/31/13,BMS,2,NA,NA,NA,NA,NA,Juv,NA,"2 big cookie cutter shark bites on neck and chest, think is animal 38342",NA,0,S. Peterson,10/31/13,S. Peterson,0,Comment Includes 'Shark',,
250395,41084,2014,11/13/13,BBN,2,NA,NA,NA,NA,M,Juv,NA,Animal has two massive cookie cutter sharks on belly,NA,0,S. Peterson,11/18/13,S. Peterson,0,Comment Includes 'Shark',,
250640,38358,2014,11/25/13,NP,3,6680,R,NA,NA,NA,Juv,NA,"Cookie cutter shark bite on right back flank, near tail",NA,0,S. Peterson,11/25/13,S. Peterson,0,Comment Includes 'Shark',,
250885,43385,2014,11/13/13,MBB,2,NA,NA,NA,NA,NA,Juv,NA,right side of neck: shark bite?,NA,0,K. Pelon,11/30/13,S. Peterson,0,Comment Includes 'Shark',,
251492,34530,2014,1/2/14,SBE,2,NA,NA,NA,NA,F,Ad,NA,"Pregnant, cookie cutter shark bite just left of center lower back",NA,0,P. Morris,1/3/14,P. Morris,0,Comment Includes 'Shark',,
253655,43514,2014,1/18/14,BMB,2,3TS,R,NA,NA,M,SA4,NA,trying to claim the carcass of a dead ~3Y old female who was shark bit.,NA,0,P. Morris,1/19/14,P. Morris,0,Comment Includes 'Shark',,
255864,41210,2014,2/1/14,BBN,2,66__,L,NA,NA,F,Ad,NA,she has a groove scar beneath and behind her chin - maybe an old shark bite.,NA,0,P. Morris,2/3/14,P. Morris,0,Comment Includes 'Shark',,
260972,44290,2014,2/27/14,NP,3,520,"L, R",NA,NA,M,SA3,NA,shark bite on back,NA,0,A. Fox,3/3/14,X. Rojas-Rocha,0,Comment Includes 'Shark',,
262957,41210,2015,5/21/14,SB,2,6651,R,NA,NA,F,Ad,100,has a shark bite scar under her chin,NA,0,P. Morris,5/22/14,P. Morris,0,Comment Includes 'Shark',,
264809,41210,2015,5/21/14,SB,2,6651,NA,NA,NA,F,ad,100,shark scar under chin,NA,0,P. Morris,8/27/14,P. Morris,0,Comment Includes 'Shark',,
266271,44905,2015,12/25/14,TSC,2,NA,NA,PL291,L,NA,W,NA,Small wound mid-back - cookie cutter shark?,NA,0,P. Morris,12/26/14,P. Morris,0,Comment Includes 'Shark',,
266510,20650,2015,1/2/15,NP,3,NA,NA,NA,NA,F,ad,NA,cookie cutter shark bite near R nipple,NA,0,P. Morris,1/4/15,P. Morris,0,Comment Includes 'Shark',,
272111,38351,2015,2/23/15,"Pt. Reyes-South Beach, 38.043243 N,  -122.991239 W",12,NA,NA,NA,NA,NA,NA,NA,DEAD.  Length=284 cm. Skull collected for Cal. Acad.  Was already fairly decomposed with several shark bites (not known if pre- or post-mortem).  Sue thought it was an adult female.,NA,0,Sue Pemberton,3/9/15,P. Morris,0,Comment Includes 'Shark',,
274220,45841,2016,5/9/15,BMC,2,NA,NA,NA,NA,F,ad,100,Has several cookie cutter shark bites and one on her right neck,NA,0,S. Peterson,5/11/15,S. Peterson,0,Comment Includes 'Shark',,
275868,1364,2016,6/14/15,BMb,2,NA,NA,NA,NA,F,ad,100,"sat tag scar, shark bit scar on left.",NA,0,P. Robinson,6/14/15,P. Robinson,0,Comment Includes 'Shark',,
278183,46362,2016,12/18/15,MBB,2,EY3,L,NA,NA,M,Ad,NA,shark bite scar low left just in front of pelvis,NA,0,P. Morris,12/19/15,P. Morris,0,Comment Includes 'Shark',,
278686,46362,2016,1/1/16,APB,2,EY3,L,NA,NA,M,Ad,NA,shark scar low left flank,3 on L is backwards,0,P. Morris,1/1/16,P. Morris,0,Comment Includes 'Shark',,
278736,46362,2016,1/2/16,AP,2,EY3,R,NA,NA,M,Ad,NA,"alpha - AP, shark scar low L flank",NA,0,P. Morris,1/2/16,P. Morris,0,Comment Includes 'Shark',,
278852,40287,2016,1/3/16,NPB3,3,NA,NA,5698,"R, L, Sh",F,Ad,NA,"Pregnant, recent cookie cutter shark bites R neck & L mid-body",NA,0,P. Morris,1/4/16,P. Morris,0,Comment Includes 'Shark',,
278967,41696,2016,1/3/16,NP,3,7520,R,NA,NA,M,Ad,NA,"alpha - NP, shark scar mid back",NA,0,P. Morris,1/4/16,P. Morris,0,Comment Includes 'Shark',,
279007,17210,2016,1/4/16,NP2,3,T167,NA,NA,NA,F,ad,NA,LOTS of scarring all over her back - look like fighting scars< not shark bites,NA,0,R. Holser,1/4/16,R. Holser,0,Comment Includes 'Shark',,
282862,46362,2016,1/2/16,AP,2,EY3,NA,NA,NA,M,ad,NA,shark scar,NA,0,P. Morris,2/9/16,P. Morris,0,Comment Includes 'Shark',,
291289,46991,2017,11/10/16,MBB,2,C125,L,NA,NA,F,W,NA,several cookie cutter shark bites on belly,NA,0,P. Morris,11/10/16,P. Morris,0,Comment Includes 'Shark',,
306219,46976,2018,10/20/17,NP1,3,C342,L,NA,NA,NA,NA,NA,"large wound behind left eye, looks like shark bite",NA,0,L. Pallin,10/20/17,L. Pallin,0,Comment Includes 'Shark',,
306564,47510,2018,11/20/17,AP,2,NA,NA,C734,L,M,ad,NA,shark bite R Umb,NA,0,R. Cuthbertson,11/20/17,R. Cuthbertson,0,Comment Includes 'Shark',,
307086,47510,2018,12/16/17,BMS,2,C73_,L,NA,NA,M,ad,NA,big shark bite,NA,0,T. Keates,12/16/17,T. Keates,0,Comment Includes 'Shark',,
311023,46535,2018,1/23/18,NP2,3,NA,NA,NA,NA,F,ad,NA,distinctive shark scar between her shoulders,NA,0,R. Holser,1/24/18,R. Holser,0,Comment Includes 'Shark',,
312203,48835,2018,2/1/18,TSB,2,OW1,L,NA,NA,M,NA,NA,Healed white shark bite scar on L shoulder,NA,0,S. Kienle,2/1/18,S. Kienle,0,Comment Includes 'Shark',,
314049,40423,2018,2/9/18,TSB,2,6455,L,NA,NA,M,SA2,NA,shark bite?,NA,0,R. Cuthbertson,2/9/18,R. Cuthbertson,0,Comment Includes 'Shark',,
317872,44334,2018,3/14/18,MBBU,2,A470,R,NA,NA,M,SA1,0,healed shark wound on R neck,NA,0,T. Keates,3/14/18,T. Keates,0,Comment Includes 'Shark',,
318488,47026,2018,4/19/18,MBBU,2,PL574,R,NA,NA,NA,juv,2,Healed shark bite on belly,NA,0,Robinson class,4/19/18,Robinson class,0,Comment Includes 'Shark',,
318738,41117,2018,4/23/18,BMC,2,6540,R,NA,NA,F,ad,0,bitten by a shark (photos taken),NA,0,R. Holser,4/23/18,R. Holser,0,Comment Includes 'Shark',,
319017,41117,2018,4/26/18,BMS,2,6540,R,NA,NA,F,ad,0,shark bite - doesn't look great today,NA,0,R. Holser,4/26/18,R. Holser,0,Comment Includes 'Shark',,
319049,41117,2018,4/27/18,MBBU,2,6540,R,NA,NA,F,ad,0,fresh shark wound right side,NA,0,Robinson class,4/27/18,Robinson class,0,Comment Includes 'Shark',,
319075,41117,2018,4/28/18,MBBL,2,6540,R,NA,NA,F,ad,0,shark bite,NA,0,Robinson class,4/28/18,Robinson class,0,Comment Includes 'Shark',,
319224,41117,2018,4/29/18,MBBU,2,6540,R,NA,NA,NA,NA,0,shark bite,NA,0,Robinson class,4/29/18,Robinson class,0,Comment Includes 'Shark',,
319672,41117,2018,5/9/18,BMS,2,6540,R,NA,NA,F,ad,2,shark bite,NA,0,A. Favilla,5/9/18,A. Favilla,0,Comment Includes 'Shark',,
320306,41117,2019,5/20/18,BMS,2,NA,NA,NA,NA,F,ad,100,healing shark bite wound,NA,0,Robinson class,5/20/18,Robinson class,0,Comment Includes 'Shark',,
320387,41117,2019,5/18/18,BMS,2,NA,NA,NA,NA,F,ad,100,shark bites on R,NA,0,R. Holser,5/21/18,R. Holser,0,Comment Includes 'Shark',,
320627,41117,2019,5/23/18,BMS,2,NA,NA,NA,NA,F,ad,100,shark bite R side,NA,0,R. Holser,5/23/18,R. Holser,0,Comment Includes 'Shark',,
322141,41117,2019,12/8/18,MBBU,2,6540,R,NA,NA,F,ad,NA,shark bite scar on right side,NA,0,P. Robinson,12/8/18,P. Robinson,0,Comment Includes 'Shark',,
322454,49903,2019,12/27/18,TSB,2,NA,NA,NA,NA,F,juv,NA,big cookie cutter shark holes in skin and blubber,NA,0,P. Robinson,12/28/18,P. Robinson,0,Comment Includes 'Shark',,
325180,47026,2019,1/24/19,SBE,2,NA,R,NA,NA,F,ad,NA,giant shark bite across belly and up right side.  Seems likely that this is the correct match given all the information,"Could see a faint mark, but not readable",0,R. Holser,1/24/19,R. Holser,0,Comment Includes 'Shark',,
326074,47026,2019,1/29/19,APG,2,NA,NA,NA,NA,F,Ad,NA,bad shark bite scar on belly,NA,0,P. Morris,1/29/19,P. Morris,0,Comment Includes 'Shark',,
331513,45728,2020,5/4/19,BMS,2,NA,NA,NA,NA,F,ad,100,large shark bite scar on back,NA,0,A. Favilla,5/4/19,A. Favilla,0,Comment Includes 'Shark',,
332024,45728,2020,5/14/19,BMC,2,B119,R,NA,NA,F,ad,100,shark bite scar,NA,0,R. Holser,5/14/19,R. Holser,0,Comment Includes 'Shark',,
332544,41117,2020,5/25/19,MBBL,2,NA,NA,5430,R,F,ad,100,shark bite scar on R,NA,0,R. Holser,5/25/19,R. Holser,0,Comment Includes 'Shark',,
333052,41117,2020,5/31/19,MBBL,2,5430,L,NA,NA,F,ad,100,lg shark bite scar on R,NA,0,R. Cuthbertson,5/31/19,R. Cuthbertson,0,Comment Includes 'Shark',,
333309,41117,2020,6/4/19,MBBL,2,5430,R,NA,NA,F,ad,100,sat tag deployment with shark scar,NA,0,J. Kendall-Bar,6/4/19,J. Kendall-Bar,0,Comment Includes 'Shark',,
334436,42675,2020,8/22/19,KRW,16,NA,NA,NA,NA,M,SA3,100,"KRW -Q1
Large shark bite scar on belly",NA,0,E Levy,8/22/19,E Levy,0,Comment Includes 'Shark',,
335259,51232,2020,12/17/19,MBBL,2,NA,NA,NA,NA,F,juv,NA,cookie cutter shark bites on ventral side,NA,0,P. Robinson,12/17/19,P. Robinson,0,Comment Includes 'Shark',,
335454,41117,2020,12/31/19,MBB,2,NA,NA,NA,NA,F,Ad,NA,"SatTag/TDR, shark bite scar R, Pregnant",NA,0,P. Morris,1/1/20,P. Morris,0,Comment Includes 'Shark',,
335465,42285,2020,12/31/19,NPB1,3,7603,L,NA,NA,M,SA4,NA,shark bite scar on belly in front of penile opening,NA,0,P. Morris,1/1/20,P. Morris,0,Comment Includes 'Shark',,
337965,47026,2020,1/27/20,SBW,2,NA,NA,NA,NA,F,Ad,NA,"a chaser, shark scar very low on R",NA,0,P. Morris,1/28/20,P. Morris,0,Comment Includes 'Shark',,
338411,51310,2020,1/29/20,BBN,2,EA,B,EA,R,M,SA4,NA,many shark scars,mark F on R converted to EA,0,P. Morris,1/30/20,P. Morris,0,Comment Includes 'Shark',,
341764,47026,2020,2/12/20,SBEL,2,PL574,R,NA,NA,F,Ad,NA,shark scar low right side and belly,NA,0,P. Morris,2/12/20,P. Morris,0,Comment Includes 'Shark',,
347649,41117,2020,4/13/20,BBN,2,5430,R,NA,NA,F,Ad,0,"shark bite scar right, ~10-12' across, glue patches",NA,0,P. Morris,4/13/20,P. Morris,0,Comment Includes 'Shark',,
348922,49200,2021,5/1/20,BBN,2,NA,NA,D602,R,M,1-2Y,100,shark bite scars around neck,NA,0,P. Morris,5/1/20,P. Morris,0,Comment Includes 'Shark',,
350001,49594,2021,5/16/20,MBB,2,E309,R,NA,NA,F,2Y,100,shark scar R looks like three backwards 3s,NA,0,P. Morris,5/17/20,P. Morris,0,Comment Includes 'Shark',,
350180,49594,2021,5/18/20,BBS,2,E309,R,NA,NA,NA,2-3Y,100,shark scar on R looks like three 3s (333),NA,0,P. Morris,5/19/20,P. Morris,0,Comment Includes 'Shark',,
351061,41117,2021,5/29/20,MBBL,2,5430,L,NA,NA,F,ad,100,"shark bite scar on R, sat tag scar",also has a mirrored C2 on L shoulder from nearby freshly marked seal,0,T. Keates,5/29/20,T. Keates,0,Comment Includes 'Shark',,
351173,42682,2021,5/29/20,BBN,2,G752,LSh,G792,R,F,Ad,100,"Sat mark, Many cookie cutter shark scars, especially on belly",New mark intended to be G752 but the top of the 5 dripped and may look like a 9 with a curved bottom,0,P. Morris,5/30/20,P. Morris,0,Comment Includes 'Shark',,
351703,1784,2021,6/5/20,MBBL,2,NA,NA,NA,NA,F,ad,100,covered in cookie cutter shark bites,NA,0,T. Keates,6/5/20,T. Keates,0,Comment Includes 'Shark',,
351786,37988,2021,6/7/20,MBBL,2,NA,NA,3740,L,F,ad,100,"scarred gashes on L, probable shark",NA,0,T. Keates,6/7/20,T. Keates,0,Comment Includes 'Shark',,
352695,42285,2021,7/27/20,BBNS,2,7603,L,NA,NA,M,SA4,100,Large shark bite scar extends across whole chest/abdomen.,NA,0,P. Morris,7/27/20,P. Morris,0,Comment Includes 'Shark',,
352998,49200,2021,5/1/20,BBN,2,NA,NA,D602,R,M,juv,100,shark scars under neck,NA,0,P. Morris,10/4/20,P. Morris,0,Comment Includes 'Shark',,
353257,49030,2021,10/11/20,KRWQ1,16,NA,NA,NA,NA,NA,Juv,NA,Fresh cookiecutter shark bite on left side.,NA,0,E.Levy,11/4/20,E. Levy,0,Comment Includes 'Shark',,
353488,50366,2021,11/16/20,Monterey Bay Offshore,17,NA,NA,NA,NA,NA,NA,NA,"Hind flipper remains found by Eric Mailander offshore at 1:20pm on November 16th 2020. Location: 47.7/59.2, some 10.6 miles out from SC Harbor. Outer Monterey Bay. Seemed like a fresh kill but pale in color. Pulled carcass in with gaff and it had telltale marks of white shark. Teeth marks and lacerations. No doubt. Photo available if needed.
(TMMC animal ID 3254)",NA,0,other,11/16/20,J. Kendall-Bar,0,Comment Includes 'Shark',,
354273,52558,2021,11/7/20,KRWQ1,16,NA,NA,KJ161,R,F,ad,NA,"3 yr old, CC shark bite",NA,0,E.Levy,11/28/20,E. Levy,0,Comment Includes 'Shark',,
354375,52573,2021,11/21/20,KRWQ1,16,NA,NA,KJ172,R,F,Y,NA,Lots of cookiecutter shark bites,NA,0,E.Levy,11/28/20,E. Levy,0,Comment Includes 'Shark',,
355551,50994,2021,1/1/21,APG,1,G672,L,NA,NA,F,Ad,NA,2 cookie cutter shark bites on R side of belly,NA,0,P.Morris,1/1/21,P. Morris,0,Comment Includes 'Shark',,
356920,52645,2021,1/15/21,SBE,1,NA,NA,NA,NA,F,ad,NA,"looks in really rough shape, perhaps all of head and neck in sharks mouth",NA,0,L. Pallin,1/15/21,L. Pallin,0,Comment Includes 'Shark',,
357165,52645,2021,1/16/21,TSC,1,PB1-,L,PB179,L,F,Ad,NA,recently suffered shark attack,NA,0,P. Morris,1/16/21,P. Morris,0,Comment Includes 'Shark',,
357370,52617,2021,1/17/21,NP0,1,01AA,R,NA,NA,M,SA4,NA,scar below right hip near back flippers. Looks like it might be an old shark bite.,NA,0,C. Nasr,1/17/21,C. Nasr,0,Comment Includes 'Shark',,
358284,40336,2021,1/21/21,AP,1,7481,R,NA,NA,F,ad,NA,Crazy shark bite to the neck,NA,0,P. Robinson,1/21/21,R. Beltran,0,Comment Includes 'Shark',,
358335,40336,2021,1/21/21,AP,1,7481,R,NA,NA,F,Ad,NA,"Horribly shark bitten on R shoulder, must have gotten nailed on her way in.  MBARI buoy has recently shown 10 sharks nearby regularly.  Another unmarked female on TSBE has a similar sized bite to her L belly.  Poor girls.",NA,0,P. Morris,1/22/21,P. Morris,0,Comment Includes 'Shark',,
358782,34254,2021,1/24/21,NP4,1,X832,L,NA,NA,F,ad,NA,shark bite all around pelvis,NA,0,L. Keehan,1/24/21,L. Keehan,0,Comment Includes 'Shark',,
359612,52657,2021,1/29/21,NP4,1,22AF,"R,B",NA,NA,M,SA4,NA,Nasty fresh wound on his lower left flipper possible shark bite,NA,0,A. Torello,1/29/21,A. Torello,0,Comment Includes 'Shark',,
360571,40336,2021,1/31/21,AP,1,7481,"Lx2,R",NA,NA,F,ad,NA,"has a really bad shark bite on her R neck and shoulder, big chunk of tissue missing, picture uploaded",NA,0,A. Favilla,1/31/21,A. Favilla,0,Comment Includes 'Shark',,
361994,34254,2021,2/7/21,TSB,1,X832,L,NA,NA,F,Ad,NA,rear end badly shark bitten,NA,0,P. Morris,2/7/21,P. Morris,0,Comment Includes 'Shark',,
366846,53551,2021,2/17/21,KRWPOS,16,NA,NA,NA,NA,NA,Y,NA,Wound about the size of a cookie cutter shark bite with maggots in it.,NA,0,E. Levy,2/24/21,E. Levy,0,Comment Includes 'Shark',,
368440,40336,2021,3/7/21,North of Pigeon Pt.,17,7481,R,NA,NA,F,ad,NA,"Healing shark bite on R shoulder, looks to be in good body condition.",NA,0,Tristan - 415-656-6198,3/7/21,P. Morris,0,Comment Includes 'Shark',,
369259,52645,2021,3/30/21,BBN,1,_B179,R,NA,NA,F,Ad,0,shark bite scar under neck,First character was sandy but I read it as Y,0,P. Morris,3/31/21,P. Morris,0,Comment Includes 'Shark',,
370934,34254,2021,4/6/21,MBBU,1,X832,L,NA,NA,F,ad,0,shark bite on rear flippers,NA,0,R. Beltran,4/6/21,R. Beltran,0,Comment Includes 'Shark',,
371892,34254,2021,4/12/21,BMB,1,X832,L,NA,NA,F,Ad,0,shark bite scars on butt,NA,0,P. Morris,4/13/21,P. Morris,0,Comment Includes 'Shark',,
372269,49594,2021,4/14/21,AP,1,NA,NA,NA,NA,F,ad,5,"shark bite on R flank, picture uploaded",NA,0,A. Favilla,4/14/21,A. Favilla,0,Comment Includes 'Shark',,
374161,41117,2021,4/24/21,MBBL,1,_430,R,NA,NA,F,ad,15,shark bite on R,NA,0,R. Holser,4/24/21,R. Holser,0,Comment Includes 'Shark',,
374191,41117,2021,4/24/21,MBBL,1,430,L,NA,NA,f,ad,5,healed shark bite on right side,NA,0,Robinson class,4/24/21,Robinson class,0,Comment Includes 'Shark',,
374723,49596,2022,4/27/21,MBBU,1,NA,NA,299,R,NA,juv,100,tons of scars all over body but doesn't look like shark bites,E did not transfer,0,R. Beltran,4/27/21,P. Robinson,0,Comment Includes 'Shark',,
376109,53641,2021,4/30/21,BMB,1,NA,NA,NA,NA,NA,juv,0,shark bite on chest,NA,0,Robinson class,5/9/21,Robinson class,0,Comment Includes 'Shark',,
376811,37988,2021,5/12/21,BBN,1,374_,L,NA,NA,F,ad,0,looks like shark bite over last digit,NA,0,A. Favilla,5/12/21,A. Favilla,0,Comment Includes 'Shark',,
377039,42682,2022,5/15/21,NP0,1,9434,L,NA,NA,F,ad,100,Some cookie cutter shark wounds,NA,0,Robinson class,5/15/21,Robinson class,0,Comment Includes 'Shark',,
377100,49594,2022,5/15/21,BBN,1,E309,L,NA,NA,F,ad,100,Healed shark bite on right side,NA,0,Robinson class,5/15/21,Robinson class,0,Comment Includes 'Shark',,
377494,53641,2022,5/20/21,BBN,1,NA,NA,WR191,L,NA,Y,95,"shark bit around neck and mouth, picture uploaded",NA,0,A. Favilla,5/20/21,A. Favilla,0,Comment Includes 'Shark',,
377893,52813,2021,4/18/21,KRWQ4,16,NA,NA,NA,NA,NA,Y,NA,Large shark bite scar on left side.,NA,0,E. Levy,5/20/21,E. Levy,0,Comment Includes 'Shark',,
379177,52813,2020,5/14/21,KRWQ4,16,NA,NA,NA,NA,NA,Y,NA,Identified by shark bite scar.,NA,0,E. Levy,5/21/21,E. Levy,0,Comment Includes 'Shark',,
380385,53641,2022,5/30/21,BBN,1,WR191,L,NA,NA,NA,juv,100,knarly shark bite on its face around its lower mandible  mouth area,NA,0,C. Nasr,5/31/21,C. Nasr,0,Comment Includes 'Shark',,
381837,40336,2021,6/9/21,BBN,1,7481,L,NA,NA,F,ad,2,healing shark bite on R neck,NA,0,A. Favilla,6/9/21,A. Favilla,0,Comment Includes 'Shark',,
382068,40336,2021,6/12/21,MBBL,1,7481,L,NA,NA,F,ad,40,shark bite is healing on Right neck,NA,0,R. Beltran,6/12/21,P. Robinson,0,Comment Includes 'Shark',,
382170,37988,2022,6/17/21,SBE,1,3740,L,NA,NA,F,ad,100,healing shark bite on L flank,NA,0,A. Favilla,6/17/21,A. Favilla,0,Comment Includes 'Shark',,
382194,40336,2022,6/17/21,MBBL,1,NA,NA,"7481,74","Lx2,R",F,ad,100,healing shark bite on neck,"best mark is on L, second mark on L looks like 748 with top of 8 missing,7 on R is questionable",0,A. Favilla,6/17/21,A. Favilla,0,Comment Includes 'Shark',,
382273,40336,2022,6/22/21,MBBL,1,7481,"L,R",NA,NA,F,ad,100,shark bite neck,NA,0,T. Keates,6/22/21,T. Keates,0,Comment Includes 'Shark',,
382373,40336,2022,6/26/21,MBBL,1,7481,R,NA,NA,F,ad,100,large shark bite scar on neck is healing nicely,NA,0,R. Beltran,6/26/21,R. Beltran,0,Comment Includes 'Shark',,
382385,40336,2022,6/30/21,MBBL,1,7481,L,NA,NA,F,ad,100,shark bite neck,NA,0,T. Keates,6/30/21,T. Keates,0,Comment Includes 'Shark',,
382547,53926,2022,8/7/21,KRWQ1,16,NA,NA,KM29,L,M,SA3,100,KM21 from the 2021 breeding season. Large shark bite scar on neck.,NA,0,D. Goley,8/24/21,E. Levy,0,Comment Includes 'Shark',,
382548,52775,2021,8/7/21,KRWQ1,16,KM16,NA,NA,NA,M,SA3,0,Scars on hips from shark bite.,NA,0,D. Goley,8/24/21,E. Levy,0,Comment Includes 'Shark',,
382626,51912,2022,9/20/21,NP,1,G238,R,NA,NA,M,juv,NA,healed shark bite behind right fore-flipper,NA,0,R. Beltran,9/20/21,R. Beltran,0,Comment Includes 'Shark',,
383022,53979,2022,10/31/21,MBBL,1,NA,NA,NA,NA,NA,juv,NA,Large shark bite on left shoulder,NA,0,R. Holser,10/31/21,R. Holser,0,Comment Includes 'Shark',,
384407,40336,2022,12/14/21,MBBU,1,7481,"L,R",NA,NA,F,ad,NA,healed shark bite on right,NA,0,R. Beltran,12/14/21,R. Beltran,0,Comment Includes 'Shark',,
384495,40336,2022,12/16/21,MBBU,1,7481,R,NA,NA,F,ad,NA,shark bite scar,NA,0,T. Keates,12/16/21,T. Keates,0,Comment Includes 'Shark',,
384802,44148,2022,12/25/21,NP5,1,9831,L,NA,NA,F,ad,NA,this animal has an incredibly bad wound on her neck. this looks like a shark wound. BE ADVISED...she was VERY sensitive to our presence today and extremely easily disturbed. we were easily 30 meters away from her and she woke up and started vocalizing. i HIGHLY recommend that all researchers give this animal a huge amount of space and not disturb in any way. ,NA,0,C. Nasr,12/25/21,C. Nasr,0,Comment Includes 'Shark',,
385061,51323,2022,12/31/21,AP,1,NA,NA,G788,L,M,SA3,NA,He has shark bites.  A large hunk of flesh is hanging below his neck.  He has a mostly 'missed' bite in the center of his back.  I saw him yesterday at MBBL.,NA,0,P. Morris,12/31/21,P. Morris,0,Comment Includes 'Shark',,
386442,41117,2022,1/10/22,NP,1,5430,"R,L",NA,NA,F,ad,NA,large shark bite scar on right side,Right side mark upside down,0,G. Shipway,1/10/22,G. Shipway,0,Comment Includes 'Shark',,
386830,47083,2022,1/13/22,AP,1,C548,L,NA,NA,F,ad,NA,Sat Tag. Ch4. Cookie cutter shark bites on ventral side.,NA,0,C. Nasr,1/13/22,C. Nasr,0,Comment Includes 'Shark',,
387374,54725,2022,1/17/22,NP5,1,NA,NA,NA,NA,F,ad,NA,Female has a shark bite on face.  I think the pup was born this morning.,NA,0,R. Beltran,1/17/22,R. Beltran,0,Comment Includes 'Shark',,
387796,54725,2022,1/20/22,NP5,1,NA,NA,NA,NA,F,ad,NA,shark bite to face,548,0,T. Keates,1/20/22,T. Keates,0,Comment Includes 'Shark',,
388624,54725,2022,1/24/22,NP5,1,NA,NA,NA,NA,F,ad,NA,shark bite on face,NA,0,P. Robinson,1/24/22,P. Robinson,0,Comment Includes 'Shark',,
392149,41117,2022,2/9/22,NP0,1,5430,L,NA,NA,F,Ad,NA,arch shark bite scar on R side,54 is above the 30 on the L,0,P.Morris,2/10/22,P. Morris,0,Comment Includes 'Shark',,
392333,37988,2022,2/10/22,NP4,1,3740,L,NA,NA,F,ad,NA,Unsure of pup status. shark bite healed on the left side.,NA,0,C. Nasr,2/10/22,C. Nasr,0,Comment Includes 'Shark',,
393561,55114,2022,10/3/21,KRWQ1,16,NA,NA,KJ64,R,M,Juv,NA,"Big circular hole on back, maybe a CC shark bite.",NA,0,D. Goley,2/15/22,E. Levy,0,Comment Includes 'Shark',,
393681,55129,2022,10/16/21,KRWQ1,16,NA,NA,BK120,R,M,Juv,NA,Two Large CC shark bites on belly and one on right side. Seal does not have a blue tag. Mark should have started with a KJ.,NA,0,D. Goley,2/16/22,E. Levy,0,Comment Includes 'Shark',,
394797,55352,2022,12/9/21,KRWQ4,16,NA,NA,KJ252,B,NA,Juv,NA,Could be an adult female. Big CC shark bite on right rear and left shoulder.,NA,0,D. Goley,2/18/22,E. Levy,0,Comment Includes 'Shark',,
398795,40336,2022,4/17/22,BBN,1,7481,R,NA,NA,F,ad,1,shark bite scar,NA,0,D. Shen,4/17/22,D. Shen,0,Comment Includes 'Shark',,
398812,55642,2022,4/17/22,TSB,1,NA,NA,K938,"R,L",M,2yr,0,"xloc recovery for heat flux study, TOPPID: 2022037, fresh shark bite wound on L shoulder and ax area",NA,0,A. Favilla,4/18/22,A. Favilla,0,Comment Includes 'Shark',,
399225,55642,2022,4/24/22,TSW,1,K938,"R, L",NA,NA,NA,juv,0,shark bite. translocation animal (Arina),NA,0,A. Diluzio,4/24/22,A. Diluzio,0,Comment Includes 'Shark',,
399303,55642,2022,4/25/22,MBBU,1,K938,L,NA,NA,NA,Y,0,epoxy patches and shark bite wound on left foreflipper,NA,0,P. Robinson,4/25/22,P. Robinson,0,Comment Includes 'Shark',,
399320,40336,2022,4/26/22,BMN,1,7481,R,NA,NA,F,ad,30,shark bite on right shoulder healing nicely,NA,0,C. Nasr,4/26/22,C. Nasr,0,Comment Includes 'Shark',,
399351,55642,2022,4/20/22,BMB,1,K938,L,NA,NA,NA,juv,NA,epoxy patches and shark bite,NA,0,P. Robinson,4/26/22,P. Robinson,0,Comment Includes 'Shark',,
399370,40336,2022,4/26/22,MBBU,1,7481,L,NA,NA,F,ad,10,old shark bite scar,NA,0,P. Robinson,4/26/22,P. Robinson,0,Comment Includes 'Shark',,
399576,55642,2022,4/28/22,NP0,1,K938,R,NA,NA,NA,Y,0,epoxy patches. shark bite on left shoulder. not using left fore flipper normally. looked like animal was experiencing discomfort.,NA,0,C. Nasr,4/28/22,C. Nasr,0,Comment Includes 'Shark',,
399703,55642,2022,4/29/22,BBSL,1,K938,L,NA,NA,NA,2Y,0,Epoxy and shark bite on left shoulder,NA,0,C. Nasr,4/29/22,C. Nasr,0,Comment Includes 'Shark',,
399974,55642,2022,5/3/22,BBSU,1,K938,L,NA,NA,NA,2Y,0,Epoxy patches and shark bite wound,NA,0,P. Robinson,5/4/22,P. Robinson,0,Comment Includes 'Shark',,
400531,55642,2022,5/11/22,TSB,1,K938,L,NA,NA,NA,juv,10,"Arina xloc, most molt around shark bite on L shoulder",NA,0,T. Keates,5/11/22,T. Keates,0,Comment Includes 'Shark',,
400600,55642,2022,5/11/22,TSB,1,K938,L,NA,NA,M,2Y,15,shark bite on left ventral side and across left shoulder,NA,0,C. Nasr,5/11/22,C. Nasr,0,Comment Includes 'Shark',,
400810,41117,2022,5/13/22,BBN,1,5430,R shoulder,NA,NA,F,ad,1,shark bite scar,mark on R shoulder upside down,0,T. Keates,5/13/22,T. Keates,0,Comment Includes 'Shark',,
401120,40336,2023,5/17/22,MBBL,1,NA,NA,7481,R,F,ad,100,healed shark bite on right neck,NA,0,P. Robinson,5/17/22,P. Robinson,0,Comment Includes 'Shark',,
401451,40336,2023,5/19/22,MBBU,1,_481,R,NA,NA,F,ad,100,shark bite,NA,0,L. Keehan,5/19/22,L. Keehan,0,Comment Includes 'Shark',,
401526,40336,2023,5/19/22,MBBU,1,7481,R,NA,NA,F,ad,100,shark bite scar,NA,0,P. Robinson,5/19/22,P. Robinson,0,Comment Includes 'Shark',,
401559,40336,2023,5/20/22,MBBU,1,7481,R,NA,NA,F,ad,100,shark bite scar R,NA,0,T. Keates,5/20/22,T. Keates,0,Comment Includes 'Shark',,
401628,42333,2023,5/20/22,MBBU,1,NA,NA,H732,L,F,ad,100,circular scars on her left side. maybe lots of cookie cutter shark bites,NA,0,C. Nasr,5/20/22,C. Nasr,0,Comment Includes 'Shark',,
401782,55642,2023,5/25/22,TSW,1,NA,NA,K938,L,F,2Y,98,shark bite healing well on left shoulder,NA,0,C. Nasr,5/25/22,C. Nasr,0,Comment Includes 'Shark',,
401828,41117,2023,5/25/22,BBN,1,NA,NA,5430,"L,R",F,ad,100,shark bite scar on R,R mark is near shoulder,0,T. Keates,5/25/22,T. Keates,0,Comment Includes 'Shark',,
401950,55642,2023,5/27/22,TSW,1,K938,L,NA,NA,NA,juv,100,shark bite wound healing on L,NA,0,T. Keates,5/27/22,T. Keates,0,Comment Includes 'Shark',,
401981,40336,2023,5/27/22,MBBL,1,7481,R,NA,NA,F,ad,100,shark bite on R shoulder,NA,0,C. Nasr,5/27/22,C. Nasr,0,Comment Includes 'Shark',,
402091,44141,2023,5/28/22,MBBL,1,NA,NA,NA,NA,F,ad,100,large shark bite scar on left lower back,NA,0,G. Shipway,5/28/22,G. Shipway,0,Comment Includes 'Shark',,
402159,41117,2023,5/28/22,MBBL,1,5430,Rsh,NA,NA,F,ad,100,shark bite on L side,NA,0,C. Nasr,5/28/22,C. Nasr,0,Comment Includes 'Shark',,
402863,41117,2023,6/7/22,BMB,1,5430,R,NA,NA,F,ad,100,shark bite on left flank. healed well,NA,0,C. Nasr,6/8/22,C. Nasr,0,Comment Includes 'Shark',,
402885,55642,2023,6/9/22,BBN,1,K938,L,NA,NA,NA,2Y,100,healed shark bite on left side,NA,0,C. Nasr,6/9/22,C. Nasr,0,Comment Includes 'Shark',,
402937,41117,2023,6/10/22,BMB,1,5430,R,NA,NA,F,ad,100,healed shark bite on the right,NA,0,Robinson class,6/10/22,Robinson class,0,Comment Includes 'Shark',,
402956,41117,2023,6/11/22,BMB,1,5430,R,NA,NA,F,ad,100,shark bite scar,NA,0,T. Keates,6/11/22,T. Keates,0,Comment Includes 'Shark',,
407998,52813,2023,4/23/22,KRW,16,NA,NA,NA,NA,NA,Juv,60,Healed shark bite on left side,NA,0,D. Goley,9/17/22,E. Levy,0,Comment Includes 'Shark',,
410432,56993,2023,9/17/22,KRWQ1S,16,KJ7,R,NA,NA,NA,Juv,NA,CC shark bite on right shoulder,NA,0,A. Jacob,10/19/22,E. Levy,0,Comment Includes 'Shark',,
410936,57045,2023,10/2/22,KRWQ4,16,"KJ75, KJ82","R, L",NA,NA,NA,Juv,NA,CC shark bite right side,NA,0,A. Jacob,10/23/22,E. Levy,0,Comment Includes 'Shark',,
413539,53235,2023,11/7/22,NP0,1,K088,"L,R",K088,"L,R",M,juv,NA,"RoD2022 Recovery TOPPID: 2022222; cookie cutter shark bite on right and missing chunks from face and right rear flipper, plus (killer whale?) scrapes on the back. ",Original mark was light; marks added,0,R. Beltran,11/7/22,R. Beltran,0,Comment Includes 'Shark',,
413584,51808,2023,11/9/22,NP0,1,NA,NA,NA,NA,M,juv,NA,healed shark bite on L belly,NA,0,A. Favilla,11/9/22,A. Favilla,0,Comment Includes 'Shark',,
413835,49311,2023,11/17/22,BBN,1,E013,L,NA,NA,NA,3Y,NA,cookie cutter shark bite in mark,NA,0,S. Abdel-Raheem,11/17/22,S. Abdel-Raheem,0,Comment Includes 'Shark',,
415095,44148,2023,12/24/22,NPG1,1,NA,NA,"9831,P831","L,R",F,ad,NA,marks that look like a shark just raked her R neck,P instead of 9 because I had a moment,0,R. Holser,12/24/22,R. Holser,0,Comment Includes 'Shark',,
415101,44148,2023,12/23/22,NP3,1,NA,NA,NA,NA,F,ad,NA,marks on R neck look like shark raked her,NA,0,R. Holser,12/24/22,R. Holser,0,Comment Includes 'Shark',,
416100,57292,2023,11/3/22,KRWQ3,16,NA,NA,NA,NA,M,Y,NA,Recent shark encounter. Huge gashes on right side of neck and around shoulder. ,NA,0,A. Jacobs,1/1/23,E. Levy,0,Comment Includes 'Shark',,
416135,57300,2023,11/3/22,KRWQ1S,16,NA,NA,KJ195,R,NA,Juv,NA,Three CC shark bites.,NA,0,A. Jacobs,1/1/23,E. Levy,0,Comment Includes 'Shark',,
416136,56989,2023,11/3/22,KRWQ4,16,NA,NA,KJ187,R ,NA,Juv,NA,Five to six CC shark bites,NA,0,A. Jacobs,1/1/23,E. Levy,0,Comment Includes 'Shark',,
417024,50835,2023,1/1/23,NP2,1,NA,NA,G142,"R,L",F,ad,NA,Cookie-cutter shark nodule on right neck.,NA,0,P. Robinson,1/1/23,P. Robinson,0,Comment Includes 'Shark',,
418706,44141,2023,1/18/23,NP1,1,NA,NA,9692,R,F,ad,NA,Big shark bite on her flank,Attempted to mark on left and made tiny illegible mark.,0,A. Payne,1/18/23,A. Payne,0,Comment Includes 'Shark',,
419539,44141,2023,1/24/23,APG,1,9692,R,NA,NA,F,ad,NA,shark bit scar on butt,NA,0,P. Robinson,1/24/23,P. Robinson,0,Comment Includes 'Shark',,
419567,41117,2023,1/24/23,NP0,1,NA,NA,5430,R,F,Ad,NA,"small shark bite scar mid R side ~10 inch diameter, indented",NA,0,P. Morris,1/25/23,P. Morris,0,Comment Includes 'Shark',,
421980,41117,2023,2/8/23,NP0,1,5430,"L,R",NA,NA,F,ad,NA,healed shark bite on right side,NA,0,N. Storm,2/8/23,N. Storm,0,Comment Includes 'Shark',,
426062,10699,1993,4/21/93,BMNN,1,F938,NA,NA,NA,F,NA,100,shark bite gashes right side,NA,0,J. Williams,2/27/23,R. Condit,0,Comment Includes 'Shark',,
426107,10483,1993,5/2/93,BMN,1,NA,NA,NA,NA,F,NA,100,cookie cutter shark scars,NA,0,J. Williams,2/27/23,R. Condit,0,Comment Includes 'Shark',,
434646,51492,2024,4/16/23,MBBU,1,NA,NA,NA,NA,NA,juv,75,lots of cookie cutter shark bite scars on stomach,NA,0,A. Diluzio,4/16/23,A. Diluzio,0,Comment Includes 'Shark',,
435409,51492,2024,4/20/23,BMC,1,NA,NA,G335,L,F,3Y,100,cookie cutter shark scars on belly and chest,NA,0,N. Storm,4/20/23,N. Storm,0,Comment Includes 'Shark',,
435438,55642,2023,4/20/23,TSW,1,K938,L,NA,NA,NA,3Y,0,healed shark bite on left shoulder,NA,0,N. Storm,4/20/23,N. Storm,0,Comment Includes 'Shark',,
435729,44141,2023,4/26/23,BMS,1,9692,NA,NA,NA,F,ad,0,shark bite scar on back near butt,NA,0,G. Shipway,4/26/23,G. Shipway,0,Comment Includes 'Shark',,
437541,49594,2023,5/17/23,MBBL,1,NA,NA,NA,NA,F,ad,0,shark bite scar on right side of body,NA,0,A. Diluzio,5/17/23,A. Diluzio,0,Comment Includes 'Shark',,
438667,51912,2024,5/24/23,MBBL,1,NA,NA,H292,L,M,3Y,100,healed shark wound near right front flip,"flushed ~10 mins after marking, hopefully stays",0,N. Storm,5/24/23,N. Storm,0,Comment Includes 'Shark',,
439374,40336,2024,6/1/23,MBBL,1,7481,L,NA,NA,F,ad,100,shark bite scar,NA,0,A. Diluzio,6/1/23,A. Diluzio,0,Comment Includes 'Shark',,
439632,40336,2024,6/4/23,MBBL,1,7481,L,NA,NA,F,ad,100,large shark bite scar on right shoulder,NA,0,G. Shipway,6/4/23,G. Shipway,0,Comment Includes 'Shark',,